account_id,customer_id,is_active,open_date,fraud
AC1662,CU0428,True,2016-07-23,false
AC0823,CU2480,True,2016-11-13,false
AC1443,CU2473,True,2017-06-23,false
AC1905,CU0141,True,2017-10-10,false
AC1101,CU1432,True,2018-05-01,false
AC0316,CU0570,True,2018-08-21,false
AC0559,CU0762,True,2020-04-18,false
AC0585,CU2474,True,2020-05-09,false
AC0066,CU1121,True,2021-08-23,false
AC1283,CU0965,True,2021-08-13,generic
AC0949,CU1327,True,2022-02-03,false
AC1304,CU2271,True,2022-12-12,false
AC0747,CU1053,True,2023-02-03,false
AC1264,CU1851,True,2023-02-17,generic
AC1067,CU0055,True,2023-02-22,false
AC1470,CU1196,True,2023-11-19,false
AC1949,CU0009,True,2024-02-26,false
AC1159,CU2437,True,2022-04-25,false
AC0402,CU1631,True,2019-11-19,generic
AC2386,CU2375,True,2019-12-30,false
AC1613,CU1438,True,2020-01-28,false
AC1801,CU0405,True,2020-04-07,false
AC1336,CU2164,True,2020-06-02,false
AC1599,CU1284,True,2020-05-10,false
AC2144,CU0174,True,2020-05-13,false
AC1681,CU1029,True,2020-05-25,generic
AC2271,CU2536,True,2020-06-05,false
AC0691,CU1466,True,2020-07-05,false
AC0663,CU1473,True,2020-07-01,false
AC2558,CU2520,True,2020-05-31,false
AC0454,CU1674,True,2020-08-05,false
AC0697,CU2316,True,2020-07-14,false
AC0407,CU2249,True,2020-05-31,false
AC1383,CU2274,True,2020-06-24,false
AC0673,CU1879,True,2020-07-22,false
AC1557,CU1383,True,2020-07-12,false
AC1996,CU0891,True,2020-05-24,false
AC2263,CU2495,True,2020-07-09,false
AC0090,CU0507,True,2020-08-14,false
AC1424,CU0901,True,2020-07-12,false
AC0648,CU1598,True,2020-05-31,false
AC1591,CU0819,True,2020-06-07,false
AC1026,CU2337,True,2020-06-24,false
AC1306,CU1701,True,2020-06-09,false
AC0506,CU1800,True,2020-07-06,false
AC0244,CU0149,True,2020-08-06,false
AC0479,CU0600,True,2020-07-02,false
AC0862,CU1514,True,2020-07-07,false
AC2426,CU1039,False,2020-06-13,generic
AC2311,CU0577,True,2020-05-23,false
AC1121,CU0916,True,2020-05-24,false
AC2383,CU1529,True,2020-08-13,false
AC1194,CU1947,True,2020-06-27,false
AC0310,CU0690,True,2020-08-13,false
AC1824,CU1959,True,2020-07-31,false
AC2543,CU2127,True,2020-07-23,false
AC0683,CU0132,True,2020-07-14,false
AC2137,CU2539,True,2020-06-02,false
AC2110,CU0663,True,2020-08-22,false
AC1478,CU1269,True,2020-06-10,false
AC2468,CU0094,True,2020-07-02,false
AC0921,CU2114,True,2020-07-27,false
AC0905,CU0065,True,2020-08-22,false
AC0476,CU2513,True,2020-08-04,false
AC1010,CU1480,True,2020-07-13,false
AC0758,CU1784,True,2020-08-01,false
AC1408,CU2472,True,2020-07-11,false
AC0736,CU2077,True,2020-06-21,false
AC2546,CU1528,True,2020-06-05,false
AC1724,CU2232,True,2020-06-29,false
AC0058,CU0860,True,2020-08-21,false
AC0903,CU0172,True,2020-07-21,false
AC2153,CU1435,True,2020-07-25,false
AC1584,CU1460,True,2020-07-06,false
AC1655,CU1605,True,2020-08-17,false
AC1693,CU0820,True,2020-06-25,false
AC2580,CU1814,True,2020-08-12,false
AC0776,CU0303,True,2020-06-28,false
AC0769,CU1643,True,2020-07-30,false
AC1827,CU0620,True,2020-07-11,false
AC1129,CU0331,True,2020-07-16,false
AC2548,CU0660,True,2020-08-23,false
AC1486,CU2410,True,2020-08-19,false
AC0792,CU0184,True,2020-06-21,false
AC0547,CU1860,True,2020-06-29,false
AC0356,CU1437,True,2020-09-07,false
AC0507,CU2613,True,2020-07-27,false
AC1712,CU2263,True,2020-07-25,false
AC2364,CU2347,True,2020-08-08,false
AC0352,CU0175,True,2020-08-28,false
AC0022,CU0525,True,2020-08-17,false
AC0563,CU0179,True,2020-07-06,false
AC1756,CU1880,True,2020-07-21,false
AC0722,CU2569,True,2020-07-31,false
AC0460,CU0671,True,2020-09-07,false
AC1952,CU0426,True,2020-06-27,false
AC0943,CU0539,True,2020-07-06,false
AC1951,CU1032,True,2020-08-14,false
AC0529,CU1525,True,2020-07-17,false
AC1104,CU0034,True,2020-08-18,generic
AC1429,CU0691,True,2020-07-07,false
AC0157,CU1983,True,2020-07-05,false
AC2429,CU2055,True,2020-07-25,false
AC0116,CU0863,True,2020-07-30,false
AC1683,CU0265,True,2020-07-19,false
AC0588,CU2161,False,2020-07-07,false
AC2507,CU0612,True,2020-07-24,false
AC1286,CU0476,True,2020-09-13,false
AC0899,CU2392,False,2020-07-10,false
AC2023,CU2560,True,2020-06-28,false
AC0610,CU1299,True,2020-07-30,false
AC0194,CU2126,True,2020-09-17,false
AC0616,CU1171,True,2020-09-17,false
AC0937,CU2179,True,2020-09-21,false
AC0682,CU0220,True,2020-08-11,false
AC1494,CU1192,True,2020-07-15,false
AC0120,CU1658,True,2020-08-06,false
AC2439,CU0349,True,2020-07-03,false
AC1880,CU0906,True,2020-08-18,false
AC1582,CU1954,True,2020-08-26,false
AC2445,CU0569,True,2020-07-02,false
AC2404,CU0657,True,2020-09-24,false
AC2017,CU2272,True,2020-07-13,false
AC1505,CU2157,True,2020-08-23,false
AC0305,CU0553,True,2020-07-30,false
AC1114,CU0619,True,2020-09-27,false
AC1393,CU0388,True,2020-08-22,false
AC1350,CU2049,True,2020-07-23,false
AC2385,CU1202,True,2020-07-12,false
AC0633,CU1981,True,2020-08-19,false
AC1226,CU1107,True,2020-07-12,false
AC2521,CU1465,True,2020-08-19,false
AC0007,CU2262,True,2020-07-04,false
AC2107,CU0000,True,2020-07-27,false
AC0871,CU0832,True,2020-09-07,false
AC0517,CU1037,True,2020-09-10,false
AC2352,CU0375,True,2020-08-22,false
AC2315,CU1476,True,2020-08-21,false
AC0897,CU1376,True,2020-07-28,false
AC2361,CU2447,True,2020-07-23,false
AC1014,CU2468,True,2020-09-05,generic
AC2221,CU1825,True,2020-07-20,false
AC2557,CU0215,True,2020-08-05,false
AC2591,CU1607,True,2020-09-20,false
AC2370,CU2335,True,2020-07-23,false
AC2147,CU0867,True,2020-09-07,false
AC2452,CU1491,True,2020-08-21,false
AC0828,CU0111,True,2020-10-05,false
AC0410,CU0253,True,2020-07-18,false
AC0091,CU2076,True,2020-08-01,false
AC2545,CU0355,True,2020-09-06,false
AC0190,CU1418,True,2020-09-04,false
AC0886,CU2203,True,2020-07-23,false
AC1347,CU2180,True,2020-09-15,false
AC1576,CU1000,True,2020-10-02,false
AC0409,CU1970,True,2020-07-27,false
AC0231,CU2531,True,2020-07-23,false
AC1912,CU0438,True,2020-09-23,false
AC0576,CU1321,True,2020-07-20,false
AC1083,CU2384,True,2020-10-11,false
AC0586,CU0641,True,2020-07-18,false
AC1147,CU0730,True,2020-08-30,false
AC0175,CU2216,True,2020-07-26,false
AC1299,CU2532,True,2020-09-15,false
AC1160,CU0251,True,2020-07-19,false
AC0163,CU1417,True,2020-07-19,false
AC0078,CU1308,True,2020-07-19,false
AC0530,CU2226,False,2020-08-17,false
AC0241,CU0944,True,2020-09-06,false
AC0484,CU0915,True,2020-08-02,false
AC0482,CU1273,True,2020-09-30,false
AC2186,CU1841,True,2020-08-03,false
AC1934,CU0317,True,2020-08-25,false
AC0287,CU0348,True,2020-08-18,false
AC0686,CU1251,True,2020-09-22,false
AC0229,CU1845,True,2020-09-29,false
AC0674,CU0021,True,2020-10-04,false
AC1716,CU2453,True,2020-08-16,false
AC0838,CU0751,True,2020-09-10,false
AC0906,CU0999,True,2020-08-07,false
AC0415,CU2553,True,2020-09-17,false
AC0332,CU2283,True,2020-09-07,false
AC2310,CU2518,True,2020-09-27,false
AC1675,CU2059,True,2020-08-24,false
AC2536,CU0170,True,2020-08-31,false
AC0913,CU1097,True,2020-09-18,false
AC1842,CU2290,True,2020-08-13,false
AC1339,CU0100,True,2020-10-07,false
AC0331,CU1025,False,2020-08-18,false
AC1762,CU2160,True,2020-10-14,false
AC0088,CU2177,True,2020-08-01,false
AC0908,CU1295,True,2020-08-21,false
AC0245,CU1345,True,2020-09-19,false
AC1788,CU1835,True,2020-08-19,false
AC1586,CU0719,True,2020-08-03,false
AC2130,CU0448,True,2020-07-28,false
AC1021,CU0957,True,2020-09-28,false
AC2345,CU1302,True,2020-08-26,false
AC2377,CU0262,True,2020-09-30,false
AC1617,CU0332,True,2020-08-07,false
AC1165,CU0786,True,2020-08-26,false
AC0819,CU0221,True,2020-08-09,false
AC0605,CU0306,True,2020-08-27,false
AC0719,CU2450,True,2020-08-26,false
AC1823,CU1068,True,2020-09-22,false
AC0635,CU2081,True,2020-09-13,false
AC0707,CU2058,True,2020-10-29,false
AC0985,CU1081,True,2020-10-09,false
AC1922,CU1246,True,2020-09-21,false
AC2256,CU1052,True,2020-08-30,false
AC1428,CU0260,True,2020-08-12,false
AC1063,CU2148,True,2020-08-10,false
AC0283,CU0831,True,2020-10-04,false
AC1660,CU1026,True,2020-10-27,false
AC0017,CU2340,True,2020-10-16,false
AC1725,CU0496,True,2020-08-06,false
AC0979,CU1780,False,2020-08-07,generic
AC1060,CU0708,True,2020-09-09,false
AC1458,CU0359,True,2020-10-19,false
AC0440,CU1092,True,2020-08-09,false
AC0986,CU0926,True,2020-09-21,false
AC1727,CU0573,True,2020-09-16,false
AC1689,CU1488,True,2020-08-21,false
AC1937,CU0377,True,2020-09-06,false
AC0614,CU0164,True,2020-09-23,false
AC0851,CU1923,True,2020-09-15,false
AC0474,CU1482,True,2020-08-31,false
AC0347,CU0796,True,2020-08-20,false
AC1749,CU2492,True,2020-08-31,false
AC1307,CU0511,True,2020-09-09,false
AC0153,CU1405,True,2020-10-17,phishing
AC1882,CU1913,True,2020-11-06,false
AC2346,CU1098,True,2020-11-01,false
AC2336,CU2456,True,2020-08-12,false
AC0151,CU1816,True,2020-08-20,false
AC1908,CU1463,True,2020-09-28,false
AC2606,CU2078,True,2020-10-30,false
AC1607,CU1457,True,2020-09-22,false
AC1314,CU1144,True,2020-10-23,false
AC2301,CU1209,True,2020-10-19,false
AC2292,CU0414,True,2020-10-09,false
AC0495,CU2521,True,2020-10-29,false
AC2538,CU1298,True,2020-09-15,false
AC2433,CU1294,True,2020-10-31,false
AC1926,CU0804,True,2020-09-02,false
AC1559,CU0143,True,2020-10-18,false
AC0466,CU1656,True,2020-10-29,false
AC1124,CU1440,True,2020-09-14,false
AC2357,CU0718,True,2020-08-26,false
AC1187,CU1718,True,2020-09-25,false
AC1768,CU1044,True,2020-09-22,false
AC0997,CU0846,True,2020-08-29,false
AC1247,CU1281,True,2020-09-26,false
AC0842,CU0393,True,2020-10-06,false
AC1593,CU0982,True,2020-09-21,false
AC1605,CU1522,True,2020-10-11,false
AC0658,CU0822,True,2020-10-24,false
AC1501,CU2158,True,2020-10-28,false
AC1150,CU1084,True,2020-10-04,false
AC1612,CU2615,True,2020-09-03,false
AC0094,CU1865,True,2020-08-26,false
AC1238,CU1366,True,2020-10-02,false
AC2409,CU0294,True,2020-10-31,false
AC2159,CU1546,True,2020-10-20,false
AC1491,CU0545,True,2020-08-29,false
AC2630,CU0972,True,2020-10-14,false
AC1031,CU2287,True,2020-09-19,generic
AC2124,CU1986,False,2020-10-09,false
AC1447,CU2445,True,2020-11-11,false
AC0226,CU1730,True,2020-09-21,false
AC0042,CU2371,True,2020-11-30,false
AC1746,CU2252,True,2020-10-31,false
AC1335,CU1541,True,2020-09-29,false
AC0014,CU0853,True,2020-10-26,false
AC0131,CU0321,True,2020-12-14,false
AC1698,CU0626,True,2020-10-11,false
AC1783,CU1018,True,2020-11-28,false
AC0640,CU0381,True,2020-12-04,false
AC0217,CU1741,True,2020-11-28,generic
AC0811,CU1935,True,2020-12-04,false
AC0127,CU0431,True,2020-10-07,false
AC2390,CU1496,True,2020-10-31,false
AC0926,CU0662,True,2020-12-11,false
AC1330,CU0052,True,2020-12-01,false
AC2097,CU1046,True,2020-10-18,false
AC1229,CU1560,True,2020-12-14,false
AC2367,CU1707,True,2020-11-06,false
AC2329,CU0550,True,2020-12-20,false
AC0365,CU1609,True,2020-10-27,false
AC1985,CU2493,True,2020-10-03,false
AC1484,CU2332,True,2020-11-28,false
AC2540,CU1105,True,2020-10-14,false
AC2163,CU1200,True,2020-10-19,false
AC2477,CU2481,True,2020-11-26,false
AC0463,CU1633,True,2021-02-14,false
AC2056,CU0244,True,2021-04-28,false
AC1096,CU0571,True,2021-04-24,false
AC2154,CU1740,True,2021-05-31,false
AC0974,CU1187,True,2021-07-20,false
AC0201,CU0793,True,2021-05-15,false
AC0045,CU0311,True,2021-05-17,false
AC0122,CU1370,True,2021-08-13,false
AC0494,CU2005,True,2021-08-15,false
AC2596,CU0313,True,2021-09-15,false
AC0220,CU2413,False,2021-09-11,false
AC0668,CU0772,True,2021-09-22,false
AC1320,CU2110,True,2021-12-12,false
AC0642,CU1228,True,2021-11-18,false
AC2618,CU0522,True,2021-11-10,false
AC1498,CU0685,True,2021-11-17,false
AC0218,CU0702,True,2022-02-07,false
AC1110,CU1624,True,2022-05-14,false
AC2399,CU0515,True,2022-06-24,false
AC1931,CU0020,False,2022-07-06,false
AC0319,CU1008,True,2022-07-17,false
AC2195,CU1342,True,2022-09-23,false
AC2534,CU2241,True,2022-11-22,false
AC2467,CU2151,True,2023-01-31,false
AC2038,CU1531,True,2023-04-27,false
AC1730,CU2247,True,2023-10-03,false
AC1835,CU1495,True,2023-11-23,false
AC0489,CU1896,True,2023-11-01,false
AC0002,CU0603,True,2023-12-28,false
AC1376,CU2025,True,2024-03-07,false
AC0270,CU0234,True,2024-05-02,false
AC0084,CU0041,True,2024-04-03,false
AC0092,CU2601,True,2024-04-15,false
AC1626,CU1219,True,2024-05-10,false
AC1276,CU1867,True,2024-05-20,false
AC1741,CU1649,True,2024-06-28,false
AC0355,CU1951,True,2024-09-05,false
AC1523,CU1532,False,2024-10-13,false
AC1536,CU1837,True,2025-02-21,false
AC1864,CU1692,True,2025-04-29,false
AC2551,CU0665,True,2021-07-13,false
AC1609,CU1839,True,2021-07-17,false
AC0205,CU1011,True,2021-05-19,false
AC0239,CU0989,True,2021-07-05,false
AC0718,CU1992,True,2021-05-23,false
AC1399,CU0670,True,2021-08-01,false
AC0392,CU2205,True,2021-06-13,false
AC1435,CU1781,True,2021-05-19,false
AC2277,CU2041,True,2021-07-17,false
AC1515,CU2181,True,2021-07-02,false
AC0425,CU0753,True,2021-08-16,false
AC2208,CU0798,True,2021-08-09,false
AC0370,CU0005,True,2021-08-06,false
AC0896,CU2581,True,2021-12-12,false
AC0904,CU1217,True,2018-01-24,false
AC1602,CU0330,True,2019-10-31,false
AC1720,CU1240,True,2020-10-04,false
AC2523,CU1955,True,2022-04-30,false
AC2590,CU1568,True,2023-09-30,false
AC1658,CU0395,True,2017-01-20,false
AC1777,CU1957,True,2018-10-07,false
AC0756,CU1632,False,2019-04-08,false
AC1474,CU0733,True,2019-05-28,false
AC1487,CU0210,True,2020-04-06,false
AC1267,CU2589,True,2020-12-16,false
AC0670,CU0302,True,2021-10-16,false
AC0375,CU2549,True,2022-02-02,false
AC1860,CU2351,True,2016-01-07,false
AC0969,CU2345,True,2017-09-14,false
AC0754,CU0207,True,2018-03-17,false
AC0107,CU0942,True,2018-02-13,false
AC2120,CU1789,True,2019-03-21,false
AC1091,CU2503,False,2019-03-04,generic
AC2305,CU1426,False,2019-07-17,generic
AC0574,CU2141,True,2019-09-15,false
AC0350,CU1773,True,2020-10-29,false
AC1531,CU1792,True,2020-12-06,false
AC1592,CU1412,False,2021-04-30,false
AC1300,CU0139,True,2021-05-02,false
AC0262,CU0225,True,2021-06-08,false
AC2102,CU2117,True,2021-10-24,phishing
AC0358,CU0587,True,2021-11-05,false
AC0264,CU1700,True,2022-06-29,false
AC0996,CU2269,True,2024-01-15,false
AC0432,CU0422,True,2024-11-10,false
AC2252,CU2630,True,2016-01-25,phishing
AC1218,CU0360,True,2016-01-25,false
AC0191,CU1244,True,2016-02-16,false
AC1055,CU0556,True,2016-02-15,false
AC2201,CU0964,True,2016-03-02,phishing
AC0739,CU0584,True,2016-01-24,false
AC0521,CU1705,True,2016-04-08,false
AC0854,CU0645,True,2016-04-10,false
AC1201,CU2227,True,2016-04-21,false
AC1699,CU1164,True,2016-03-11,false
AC1028,CU1414,False,2016-03-08,false
AC2098,CU0731,True,2016-03-24,false
AC1094,CU1961,False,2016-03-24,generic
AC1332,CU0029,True,2016-04-19,false
AC1800,CU0592,True,2016-06-17,false
AC1381,CU1969,True,2016-05-30,false
AC2575,CU1459,True,2016-05-03,false
AC2250,CU0217,True,2016-07-06,false
AC0075,CU0683,True,2016-06-23,false
AC2299,CU2398,False,2016-07-11,false
AC1089,CU1739,True,2016-06-25,false
AC1642,CU0621,True,2016-06-24,phishing
AC2288,CU0962,True,2016-06-23,phishing
AC2167,CU1777,True,2016-08-10,false
AC1342,CU0079,True,2016-08-29,false
AC0695,CU1997,True,2016-10-10,false
AC1245,CU1139,True,2016-09-24,false
AC2499,CU2165,True,2016-08-17,false
AC1988,CU2407,True,2016-10-06,false
AC0065,CU1540,True,2016-11-28,false
AC0910,CU2053,True,2016-11-02,false
AC0384,CU2086,True,2016-10-07,false
AC0301,CU0583,True,2016-09-08,false
AC1961,CU0248,True,2016-10-11,false
AC1738,CU2457,True,2016-10-30,false
AC0879,CU1772,True,2016-11-15,false
AC1246,CU0130,True,2017-01-20,false
AC2032,CU1907,True,2016-12-05,false
AC0733,CU0289,True,2017-01-22,false
AC0877,CU1722,True,2017-02-17,false
AC1637,CU0297,True,2017-01-19,false
AC1726,CU0434,True,2017-01-13,false
AC0772,CU2372,False,2017-02-08,false
AC0038,CU0978,False,2016-12-29,false
AC1939,CU0061,True,2017-02-26,false
AC0106,CU0951,True,2017-01-17,false
AC1066,CU0439,True,2017-03-25,false
AC2570,CU2364,True,2017-03-11,false
AC2176,CU1003,True,2017-03-12,false
AC1047,CU0457,False,2017-03-15,false
AC1120,CU0177,True,2017-03-20,false
AC1362,CU1587,True,2017-03-24,generic
AC0618,CU1015,True,2017-03-06,false
AC1770,CU2511,True,2017-04-30,false
AC2502,CU0006,True,2017-05-14,false
AC1652,CU0995,True,2017-04-09,false
AC1308,CU0155,False,2017-03-18,false
AC0068,CU0537,True,2017-04-04,false
AC1870,CU1223,True,2017-05-12,false
AC0238,CU2140,True,2017-06-25,false
AC0195,CU1310,True,2017-05-06,false
AC0531,CU1301,True,2017-05-17,false
AC2621,CU1408,True,2017-06-25,false
AC2571,CU2604,True,2017-05-14,false
AC0359,CU0754,True,2017-05-22,false
AC2547,CU0870,True,2017-05-02,false
AC1030,CU1391,False,2017-06-08,false
AC0449,CU0437,True,2017-06-16,false
AC2001,CU2349,True,2017-08-15,false
AC1198,CU0949,True,2017-08-16,false
AC0632,CU1592,True,2017-06-15,false
AC0160,CU1215,True,2017-08-14,false
AC1866,CU2612,True,2017-08-20,false
AC2505,CU1552,True,2017-08-25,false
AC0361,CU0843,True,2017-10-09,generic
AC2141,CU0406,True,2017-08-02,false
AC0121,CU2600,True,2017-10-15,phishing
AC1752,CU1421,True,2017-08-15,false
AC1049,CU1285,True,2017-10-21,false
AC0051,CU1326,True,2017-10-26,false
AC0750,CU1031,True,2017-12-06,false
AC1784,CU1241,True,2018-01-09,false
AC1313,CU1533,True,2017-11-21,false
AC2284,CU1842,True,2018-02-13,generic
AC0012,CU0688,False,2018-02-17,false
AC1427,CU1727,True,2017-12-06,false
AC1976,CU0464,True,2017-12-11,false
AC1459,CU2197,True,2017-12-28,false
AC1214,CU0115,True,2018-03-04,false
AC0737,CU2522,True,2018-03-15,false
AC1757,CU1774,True,2018-03-09,false
AC2461,CU0485,True,2018-01-08,false
AC0185,CU2396,True,2018-02-08,false
AC0232,CU2572,True,2018-01-24,false
AC2013,CU0565,True,2018-01-18,false
AC0889,CU1900,True,2018-03-05,false
AC1265,CU1732,True,2018-04-05,false
AC1061,CU0845,True,2018-04-19,false
AC0572,CU1019,True,2018-02-25,false
AC1984,CU1573,True,2018-03-19,false
AC1703,CU1409,True,2018-03-06,false
AC0036,CU1138,True,2018-03-24,false
AC1034,CU0121,True,2018-04-21,false
AC2241,CU2353,True,2018-05-28,false
AC1666,CU0162,True,2018-07-10,false
AC1080,CU0961,True,2018-06-11,false
AC0010,CU2277,True,2018-07-17,false
AC1656,CU0644,True,2018-06-16,false
AC2337,CU2558,True,2018-06-18,false
AC1009,CU0919,True,2018-07-19,false
AC0491,CU2444,True,2018-08-13,false
AC1125,CU1351,True,2018-07-15,false
AC2212,CU1599,True,2018-10-01,false
AC0256,CU0527,True,2018-10-03,false
AC1027,CU1174,True,2018-09-23,false
AC1871,CU0134,True,2018-11-21,false
AC0228,CU0161,True,2018-10-24,false
AC2269,CU0402,True,2018-10-14,false
AC1207,CU2546,True,2018-10-21,false
AC1520,CU1027,True,2018-10-17,false
AC2234,CU0484,True,2018-12-04,false
AC0417,CU1683,True,2018-10-19,phishing
AC0273,CU1214,True,2018-11-05,false
AC2181,CU2238,True,2018-11-15,false
AC0481,CU1360,True,2018-11-19,false
AC0334,CU1324,True,2019-01-31,phishing
AC2327,CU0373,True,2018-12-11,false
AC1585,CU1481,True,2018-12-09,false
AC2587,CU2038,False,2019-03-10,false
AC1962,CU1394,True,2019-03-10,false
AC2171,CU1652,True,2019-01-17,false
AC2216,CU0158,True,2019-02-12,false
AC1210,CU0510,True,2019-01-23,false
AC1705,CU1976,True,2019-01-25,false
AC0909,CU0534,False,2019-03-06,generic
AC1020,CU0988,False,2019-04-07,generic
AC1929,CU1149,True,2019-04-20,false
AC1281,CU2120,True,2019-03-03,false
AC1641,CU0509,True,2019-04-25,false
AC1745,CU1235,True,2019-04-07,false
AC0033,CU1977,True,2019-04-15,false
AC2567,CU2281,True,2019-06-08,false
AC2344,CU0815,True,2019-05-11,false
AC0859,CU0807,True,2019-05-04,false
AC0213,CU2406,True,2019-05-19,false
AC1872,CU1061,True,2019-08-13,false
AC2350,CU2168,True,2019-08-24,false
AC2185,CU1371,False,2019-07-11,false
AC1192,CU0023,True,2019-09-02,false
AC2559,CU0833,True,2019-07-30,false
AC2609,CU0760,True,2019-08-03,false
AC0269,CU2016,True,2019-09-03,false
AC0465,CU2478,True,2019-10-11,false
AC0867,CU1287,True,2019-10-07,false
AC0230,CU2237,True,2019-11-06,false
AC0448,CU1621,True,2019-09-26,false
AC0500,CU1413,True,2019-12-08,false
AC1136,CU1936,True,2019-11-25,false
AC2436,CU0197,True,2019-12-03,false
AC2597,CU0613,True,2019-12-24,false
AC1357,CU1361,True,2020-02-08,false
AC1349,CU0599,True,2019-12-28,phishing
AC1964,CU0461,True,2020-02-24,phishing
AC1345,CU1207,True,2020-01-03,false
AC1380,CU0110,True,2019-12-15,false
AC1578,CU1083,False,2020-03-10,false
AC1105,CU0703,True,2020-03-05,false
AC2360,CU2500,True,2020-03-16,false
AC1887,CU0712,True,2020-03-11,false
AC1119,CU1767,True,2020-03-16,false
AC1378,CU0667,True,2020-04-05,false
AC1874,CU0446,True,2020-03-02,false
AC1481,CU1868,True,2020-04-01,false
AC1888,CU2220,True,2020-03-14,false
AC0187,CU0169,True,2020-02-27,false
AC2188,CU0700,True,2020-03-10,false
AC1619,CU1033,False,2020-06-07,false
AC0519,CU0091,True,2020-05-28,false
AC0540,CU1963,True,2020-05-14,phishing
AC0976,CU0869,True,2020-05-11,false
AC0268,CU1319,True,2020-06-13,phishing
AC0280,CU2623,True,2020-07-25,false
AC1331,CU1315,True,2020-07-27,false
AC2251,CU2552,True,2020-05-23,false
AC0672,CU2142,True,2020-06-12,generic
AC2012,CU0672,True,2020-07-01,false
AC1938,CU0622,True,2020-08-14,false
AC1943,CU0223,True,2020-07-17,false
AC1670,CU1058,False,2020-10-02,generic
AC0701,CU1999,True,2020-10-03,false
AC2020,CU1099,True,2020-08-04,false
AC2184,CU1677,True,2020-08-03,false
AC1274,CU1509,True,2020-08-31,false
AC0551,CU0035,True,2020-10-27,false
AC1960,CU2019,True,2020-10-06,false
AC1822,CU0019,True,2020-09-21,false
AC0803,CU0153,False,2020-10-31,false
AC1197,CU2255,True,2020-09-17,false
AC0248,CU1575,True,2020-10-01,false
AC1632,CU1762,True,2020-11-25,false
AC0726,CU1159,True,2020-10-31,false
AC0556,CU0609,True,2020-11-14,false
AC0419,CU2154,True,2020-12-04,false
AC0018,CU2374,True,2020-11-26,false
AC2622,CU0479,False,2021-01-01,false
AC1043,CU1637,True,2020-11-30,false
AC1048,CU0500,True,2021-01-24,false
AC2287,CU2499,True,2020-12-24,false
AC0272,CU0419,True,2020-12-03,false
AC0143,CU2147,True,2020-12-09,false
AC1879,CU2011,True,2021-02-20,false
AC1329,CU1078,True,2020-12-29,false
AC1449,CU2315,True,2021-01-29,false
AC1915,CU1585,True,2021-04-03,generic
AC0040,CU0881,True,2021-04-07,false
AC1156,CU1520,True,2021-03-09,false
AC0946,CU1563,True,2021-03-19,false
AC2084,CU0230,True,2021-02-21,false
AC1174,CU0765,True,2021-03-29,false
AC1106,CU1190,True,2021-05-15,false
AC1507,CU2597,True,2021-04-13,false
AC2531,CU0004,True,2021-05-20,false
AC1145,CU1714,True,2021-04-22,false
AC0940,CU0773,True,2021-05-19,phishing
AC0031,CU0259,True,2021-06-06,false
AC2282,CU0258,True,2021-05-10,false
AC1910,CU1534,True,2021-06-03,false
AC2230,CU0458,True,2021-05-01,false
AC0224,CU1456,True,2021-06-03,false
AC2524,CU1423,True,2021-07-22,false
AC0912,CU2075,True,2021-09-01,false
AC0660,CU2479,True,2021-08-19,false
AC2382,CU2021,True,2021-08-26,false
AC0064,CU2627,True,2021-09-07,false
AC0951,CU2357,True,2021-07-17,false
AC1431,CU1260,True,2021-08-22,false
AC1064,CU1378,True,2021-08-22,false
AC1414,CU1914,True,2021-08-28,false
AC1566,CU0060,True,2021-11-06,phishing
AC0740,CU0378,True,2021-10-15,generic
AC0166,CU0109,True,2021-11-14,false
AC0809,CU0192,True,2022-01-04,false
AC1948,CU1971,True,2021-11-20,false
AC2223,CU0334,True,2021-11-08,false
AC0950,CU1464,True,2021-12-19,false
AC1942,CU1768,True,2022-01-22,false
AC1575,CU0646,True,2021-12-04,generic
AC1583,CU0547,True,2022-02-07,false
AC2568,CU1133,True,2022-02-15,false
AC0054,CU2421,True,2022-02-14,false
AC1903,CU1668,True,2022-02-23,generic
AC1885,CU2587,True,2022-04-03,false
AC1146,CU1897,True,2022-05-12,false
AC0053,CU0421,True,2022-04-14,false
AC2321,CU1507,True,2022-04-19,false
AC1234,CU1903,True,2022-04-28,false
AC1775,CU0011,True,2022-04-10,false
AC0429,CU0492,True,2022-08-02,phishing
AC0583,CU0966,True,2022-06-05,false
AC1561,CU0284,True,2022-07-25,false
AC2458,CU0585,True,2022-08-11,false
AC0894,CU0729,True,2022-08-03,false
AC0299,CU1737,True,2022-07-23,false
AC1465,CU2426,True,2022-08-10,false
AC0199,CU2459,True,2022-11-01,false
AC0325,CU2449,True,2022-09-23,false
AC1638,CU1470,True,2022-10-23,false
AC2071,CU0124,True,2022-09-13,false
AC1944,CU1578,True,2022-10-10,false
AC0841,CU0947,True,2022-11-06,false
AC1058,CU0802,True,2022-10-14,false
AC2122,CU0834,True,2022-11-11,false
AC1453,CU0945,True,2022-10-22,false
AC1509,CU0799,True,2022-12-03,false
AC1492,CU1291,True,2022-12-18,false
AC2331,CU0482,True,2022-11-17,false
AC0677,CU1486,True,2022-12-23,phishing
AC1852,CU0391,True,2022-12-16,false
AC1710,CU1373,True,2023-02-07,false
AC0624,CU1323,True,2023-02-22,false
AC0430,CU1926,True,2023-03-15,false
AC0626,CU2551,True,2023-02-21,false
AC0804,CU1277,True,2023-02-17,false
AC1819,CU1498,True,2023-02-17,false
AC0141,CU0932,True,2023-01-22,false
AC0457,CU0474,True,2023-03-17,false
AC1301,CU1681,False,2023-03-23,false
AC0963,CU2516,True,2023-02-25,false
AC0932,CU2027,True,2023-03-12,false
AC0255,CU0764,True,2023-05-09,false
AC1363,CU0924,True,2023-05-29,false
AC2027,CU0558,True,2023-04-18,false
AC0030,CU0430,True,2023-06-05,false
AC0939,CU0186,True,2023-04-14,false
AC1195,CU1402,True,2023-04-11,false
AC0962,CU0469,True,2023-04-03,false
AC0303,CU2132,True,2023-05-31,false
AC1539,CU2458,True,2023-04-03,false
AC0006,CU2102,True,2023-06-19,false
AC0490,CU2631,True,2023-05-17,false
AC1454,CU0826,True,2023-06-17,false
AC1595,CU2276,True,2023-06-02,false
AC0753,CU0602,True,2023-05-15,false
AC1750,CU0090,True,2023-05-14,false
AC0251,CU1380,True,2023-08-09,false
AC0525,CU1160,True,2023-07-26,false
AC1761,CU1117,True,2023-07-29,false
AC1024,CU2029,True,2023-07-30,false
AC0137,CU0557,True,2023-09-27,false
AC1534,CU1072,False,2023-10-07,generic
AC0297,CU1750,True,2023-08-06,false
AC0063,CU1763,True,2023-08-12,false
AC0948,CU0119,True,2023-08-20,false
AC2069,CU2400,True,2023-09-16,false
AC1176,CU1349,True,2023-09-11,false
AC1365,CU0308,True,2023-11-21,false
AC2068,CU2204,True,2023-11-08,false
AC1131,CU2175,True,2023-10-29,generic
AC1369,CU2451,True,2023-10-17,false
AC1297,CU2282,True,2023-12-04,false
AC0544,CU2626,True,2024-01-17,false
AC2541,CU1925,True,2023-12-25,phishing
AC1981,CU1177,True,2024-02-03,false
AC0367,CU1826,True,2024-01-05,false
AC1088,CU2486,True,2024-02-20,false
AC2323,CU1931,True,2024-03-30,false
AC0528,CU0451,True,2024-02-20,false
AC0405,CU1205,True,2024-04-04,false
AC2358,CU2291,True,2024-04-25,generic
AC1040,CU1543,True,2024-05-01,false
AC2381,CU0007,True,2024-04-09,generic
AC1669,CU2072,True,2024-03-13,false
AC1572,CU2070,True,2024-04-05,false
AC1364,CU0781,True,2024-05-23,false
AC0105,CU1022,True,2024-04-23,false
AC0380,CU1545,True,2024-05-14,false
AC1413,CU1443,True,2024-05-07,false
AC0320,CU1629,False,2024-05-14,false
AC1463,CU0398,True,2024-06-13,false
AC2410,CU0032,True,2024-06-19,false
AC1237,CU1600,True,2024-06-29,phishing
AC1025,CU0886,True,2024-08-14,false
AC2586,CU2212,True,2024-07-04,false
AC2589,CU2116,True,2024-06-22,false
AC1995,CU1337,True,2024-07-18,false
AC1643,CU0310,True,2024-08-20,false
AC0669,CU1063,True,2024-08-07,false
AC2140,CU1469,True,2024-08-12,generic
AC2423,CU1264,True,2024-07-30,false
AC2118,CU0315,True,2024-09-16,false
AC0142,CU2394,False,2024-08-29,false
AC1107,CU1937,True,2024-08-20,false
AC2067,CU1888,True,2024-09-22,false
AC0167,CU2294,True,2024-10-07,false
AC2498,CU2312,True,2024-09-01,false
AC1090,CU1536,True,2024-10-05,false
AC1323,CU2207,True,2024-10-15,false
AC1375,CU0256,True,2024-09-18,false
AC0403,CU0723,True,2024-09-26,false
AC2108,CU0544,True,2024-09-20,false
AC2002,CU1051,True,2024-11-09,false
AC0998,CU2314,True,2024-11-25,false
AC2220,CU0854,True,2024-12-06,false
AC0537,CU0696,True,2024-11-28,false
AC1898,CU0222,True,2024-12-01,false
AC2564,CU0283,True,2024-11-23,false
AC1644,CU0605,True,2024-12-01,false
AC0000,CU1822,True,2024-12-24,false
AC0043,CU1211,True,2025-01-27,false
AC0028,CU0666,True,2025-02-02,false
AC1417,CU2565,True,2025-01-01,false
AC1193,CU0739,True,2025-01-06,false
AC0720,CU0983,True,2024-12-15,false
AC2356,CU0218,True,2025-03-06,false
AC0988,CU0880,True,2025-01-28,false
AC1438,CU2573,True,2025-01-28,false
AC2081,CU1343,True,2025-02-20,false
AC0782,CU1612,True,2025-03-16,false
AC2339,CU2153,True,2025-02-12,false
AC0125,CU2009,True,2025-02-19,false
AC0100,CU2534,True,2025-01-23,false
AC0560,CU1265,True,2025-02-09,false
AC0515,CU2163,True,2025-01-23,false
AC0164,CU0211,True,2025-02-23,false
AC0875,CU2097,True,2025-03-12,false
AC2544,CU0859,True,2025-03-16,false
AC1570,CU1152,True,2025-01-26,false
AC1747,CU1245,True,2025-02-24,false
AC1518,CU1889,True,2025-03-01,false
AC1426,CU1594,True,2025-04-05,false
AC1137,CU0693,True,2025-02-05,false
AC2177,CU1229,True,2025-01-15,false
AC2448,CU0063,True,2025-02-27,false
AC1991,CU2155,True,2025-02-28,false
AC2560,CU1849,True,2025-02-08,false
AC0762,CU0424,True,2025-02-10,false
AC0562,CU0548,True,2025-01-26,false
AC0527,CU2618,True,2025-03-15,false
AC0483,CU2323,True,2025-03-10,false
AC2470,CU2091,True,2025-03-30,false
AC2478,CU2404,True,2025-03-11,false
AC2366,CU0103,True,2025-03-14,false
AC0857,CU1101,True,2025-01-14,false
AC1285,CU1322,True,2025-03-16,false
AC0802,CU1201,True,2025-02-09,false
AC0622,CU1080,True,2025-02-15,false
AC1112,CU2052,True,2025-01-15,false
AC1019,CU1850,True,2025-03-25,false
AC2229,CU0638,True,2025-02-06,false
AC2406,CU0601,True,2025-01-26,false
AC0761,CU1678,True,2025-01-22,false
AC1441,CU1797,True,2025-01-21,false
AC0613,CU0138,True,2025-01-20,false
AC2214,CU1502,True,2025-01-27,false
AC0774,CU1135,True,2025-03-05,false
AC1280,CU1352,True,2025-02-21,false
AC1589,CU0022,True,2025-04-12,false
AC0924,CU1479,True,2025-02-19,false
AC1071,CU2354,True,2025-04-05,false
AC2511,CU2074,True,2025-03-26,false
AC2610,CU1150,True,2025-04-02,false
AC0295,CU1962,True,2025-04-11,false
AC1668,CU0864,True,2025-02-24,false
AC1400,CU0085,True,2025-04-04,false
AC2007,CU2056,True,2025-05-10,false
AC2087,CU0967,True,2025-03-14,false
AC0219,CU0275,True,2025-05-11,false
AC1667,CU0909,True,2025-06-16,false
AC2268,CU0627,True,2017-12-27,false
AC2145,CU1447,True,2022-11-14,false
AC2372,CU2487,False,2023-04-21,false
AC1513,CU2080,True,2023-06-18,false
AC0136,CU1041,True,2023-08-18,false
AC1328,CU0784,True,2023-09-26,false
AC2204,CU1794,True,2023-11-20,false
AC2303,CU0594,True,2024-06-09,false
AC0488,CU1154,True,2024-08-07,false
AC0461,CU0337,True,2018-01-11,false
AC0746,CU2219,True,2017-11-12,false
AC0441,CU2580,True,2018-03-10,false
AC2203,CU0907,False,2018-05-02,false
AC1327,CU2229,True,2018-05-25,false
AC0341,CU2178,False,2018-06-13,false
AC1343,CU1357,False,2018-06-30,false
AC2489,CU1650,False,2018-06-06,false
AC0294,CU0272,False,2018-10-25,false
AC2246,CU0180,False,2018-08-06,false
AC0876,CU1642,True,2018-09-22,false
AC0987,CU1446,True,2018-12-03,false
AC1057,CU2307,True,2018-12-03,false
AC0637,CU0449,True,2019-01-21,false
AC1181,CU0247,True,2019-03-20,false
AC1387,CU1917,True,2019-03-22,false
AC2293,CU1336,True,2019-07-14,false
AC2093,CU2583,True,2019-09-11,false
AC2046,CU2002,False,2019-09-05,false
AC1630,CU2544,False,2019-09-22,false
AC2143,CU2509,True,2019-11-03,false
AC0858,CU0487,True,2019-12-30,false
AC2008,CU2083,True,2020-02-25,false
AC0349,CU2574,True,2020-06-29,false
AC0499,CU0137,True,2020-08-18,false
AC2165,CU2119,True,2020-08-13,false
AC2338,CU1254,True,2020-09-17,phishing
AC0112,CU2082,True,2020-12-24,false
AC1810,CU0631,False,2021-02-21,false
AC0114,CU1697,True,2021-06-01,false
AC1635,CU0835,True,2021-05-04,false
AC1004,CU0400,True,2021-05-04,false
AC0844,CU1916,True,2021-09-23,false
AC2549,CU1651,True,2021-11-10,false
AC2266,CU1734,True,2021-10-24,false
AC2527,CU1147,True,2021-12-03,false
AC1292,CU0855,False,2022-02-06,false
AC1899,CU0717,False,2022-01-23,false
AC1780,CU2136,True,2022-06-04,false
AC0880,CU1558,True,2022-07-20,false
AC2206,CU2200,True,2022-10-25,false
AC0431,CU0095,True,2023-02-10,false
AC2550,CU2494,False,2023-02-19,false
AC1971,CU1407,True,2023-02-09,false
AC1289,CU0904,True,2023-01-30,false
AC0709,CU1124,True,2023-03-21,false
AC2620,CU0852,True,2023-05-26,false
AC0437,CU2490,True,2023-09-15,false
AC1663,CU1472,True,2023-07-01,false
AC2055,CU1375,True,2023-10-10,false
AC1452,CU0122,True,2023-08-25,false
AC0704,CU0105,True,2023-10-19,false
AC1552,CU2045,True,2016-01-10,false
AC2179,CU2555,True,2016-02-08,false
AC0282,CU1815,True,2016-03-03,false
AC1841,CU1293,True,2016-02-14,false
AC1398,CU0463,True,2016-02-02,false
AC1956,CU1390,True,2016-02-12,false
AC0169,CU0514,True,2016-03-26,false
AC2397,CU2381,True,2016-02-22,false
AC1884,CU0309,True,2016-03-17,false
AC2600,CU0113,True,2016-03-31,false
AC0333,CU2508,False,2016-05-15,false
AC1023,CU1158,False,2016-05-12,false
AC1476,CU0335,True,2016-04-16,false
AC1496,CU0656,True,2016-04-07,false
AC1894,CU1919,True,2016-05-02,false
AC2384,CU0409,True,2016-07-09,false
AC1659,CU0929,True,2016-07-19,false
AC0340,CU1872,True,2016-06-07,false
AC2416,CU0740,True,2016-08-12,false
AC1923,CU2084,False,2016-08-11,false
AC1692,CU0404,True,2016-07-17,generic
AC1445,CU0523,True,2017-01-13,false
AC0398,CU1137,True,2017-01-01,false
AC0128,CU2313,True,2017-01-04,false
AC1257,CU2087,True,2016-11-12,false
AC0445,CU0440,True,2017-01-08,phishing
AC1862,CU1305,True,2016-12-08,false
AC0050,CU0159,True,2017-03-14,false
AC0550,CU0383,True,2017-01-12,false
AC2151,CU0938,False,2017-02-21,generic
AC2627,CU0752,True,2017-01-05,false
AC0458,CU1755,True,2017-02-16,false
AC2283,CU1910,True,2017-02-08,false
AC1553,CU1126,True,2017-03-22,false
AC0657,CU2324,True,2017-02-01,false
AC0223,CU1132,True,2017-02-15,false
AC1372,CU1708,True,2017-03-30,false
AC0744,CU0809,True,2017-04-24,false
AC1385,CU0679,True,2017-03-14,phishing
AC2561,CU1717,True,2017-03-07,false
AC1401,CU0187,True,2017-06-13,false
AC1333,CU2171,True,2017-03-24,false
AC0296,CU2505,True,2017-05-02,false
AC0371,CU2352,True,2017-04-19,false
AC2116,CU0045,True,2017-05-16,false
AC1318,CU1006,True,2017-06-03,false
AC2258,CU0182,True,2017-06-17,false
AC0424,CU1141,True,2017-07-27,false
AC2617,CU1843,True,2017-05-16,false
AC0023,CU0108,True,2017-06-01,generic
AC1191,CU2429,True,2017-06-08,false
AC2395,CU1392,False,2017-07-08,false
AC2519,CU1153,True,2017-07-05,false
AC0797,CU1626,True,2017-07-15,false
AC0263,CU0812,True,2017-07-19,phishing
AC1472,CU0470,True,2017-08-18,false
AC0570,CU0235,True,2017-09-17,false
AC2297,CU2099,True,2017-07-20,false
AC0302,CU1009,True,2017-08-26,false
AC2333,CU1128,True,2017-08-16,false
AC1773,CU1712,True,2017-07-30,false
AC1831,CU2389,True,2017-09-30,false
AC2063,CU1179,True,2017-08-16,false
AC1469,CU1087,True,2017-08-24,false
AC0240,CU2245,False,2017-09-09,false
AC0735,CU2336,True,2017-10-12,false
AC1409,CU1442,True,2017-10-22,false
AC1601,CU1831,True,2017-09-06,false
AC1070,CU2538,True,2017-10-27,false
AC1795,CU1940,True,2017-09-13,false
AC1377,CU2484,True,2017-10-16,false
AC2626,CU0369,True,2017-12-02,false
AC1077,CU0165,True,2017-11-24,generic
AC1093,CU0872,True,2017-10-30,false
AC1594,CU2391,True,2017-12-04,false
AC0480,CU0714,True,2017-11-24,false
AC0152,CU2362,True,2017-11-17,false
AC0652,CU0686,True,2018-01-13,false
AC0784,CU1232,True,2018-03-06,false
AC0455,CU2423,True,2018-02-03,false
AC1273,CU0206,True,2018-03-07,false
AC0237,CU0504,True,2018-01-25,false
AC0102,CU2060,True,2018-03-10,false
AC2121,CU0614,True,2018-01-23,false
AC1973,CU1064,True,2018-03-16,false
AC0109,CU2379,True,2018-03-19,false
AC0357,CU1193,True,2018-05-04,false
AC2233,CU0629,True,2018-03-25,false
AC2125,CU0783,True,2018-05-13,generic
AC1881,CU0403,True,2018-06-14,false
AC0542,CU0710,True,2018-05-29,false
AC0161,CU1838,True,2018-05-12,false
AC0393,CU0493,True,2018-05-23,false
AC0247,CU1832,True,2018-06-15,false
AC1493,CU1738,True,2018-05-18,false
AC0812,CU1419,True,2018-05-14,false
AC0510,CU1500,True,2018-05-17,false
AC2623,CU1833,True,2018-07-06,false
AC2585,CU0379,False,2018-08-31,false
AC0184,CU1359,True,2018-07-24,false
AC0825,CU0160,True,2018-08-21,false
AC1290,CU1296,True,2018-09-02,false
AC1316,CU0249,True,2018-09-12,false
AC0300,CU0969,True,2018-08-10,false
AC1707,CU0015,True,2018-09-22,generic
AC1565,CU2032,True,2018-08-23,false
AC1485,CU1769,True,2018-10-08,false
AC0372,CU0025,True,2019-01-06,false
AC2314,CU1168,True,2018-11-11,false
AC0898,CU0771,True,2019-01-29,false
AC0873,CU0687,True,2019-02-22,false
AC0321,CU0152,True,2019-02-16,false
AC0571,CU2343,True,2019-04-30,false
AC2149,CU1236,True,2019-02-21,false
AC1911,CU1942,True,2019-04-12,false
AC0200,CU1191,True,2019-05-29,false
AC1978,CU1548,True,2019-04-20,false
AC0679,CU0368,True,2019-03-14,false
AC2474,CU2368,True,2019-04-06,false
AC0855,CU2233,False,2019-04-10,generic
AC0486,CU2341,True,2019-06-17,false
AC1562,CU2300,True,2019-06-09,false
AC0833,CU0659,True,2019-06-22,false
AC1360,CU0083,True,2019-04-24,false
AC1230,CU2475,True,2019-04-30,false
AC1945,CU1570,True,2019-06-01,false
AC0687,CU0072,True,2019-05-02,generic
AC1825,CU1395,True,2019-07-18,false
AC1966,CU1616,True,2019-05-22,false
AC2574,CU1557,True,2019-05-23,false
AC0767,CU1572,True,2019-06-07,false
AC1423,CU0277,True,2019-05-25,false
AC1045,CU2101,True,2019-08-04,false
AC0619,CU2435,False,2019-06-10,false
AC2072,CU2510,True,2019-07-30,false
AC1972,CU0228,True,2019-09-04,false
AC0249,CU2118,True,2019-08-19,false
AC1366,CU0012,True,2019-08-30,false
AC0770,CU0918,True,2019-08-04,false
AC0057,CU0320,True,2019-08-10,false
AC0831,CU1065,True,2019-07-25,false
AC2259,CU2264,True,2019-08-11,false
AC1442,CU0925,True,2019-09-05,false
AC0783,CU2144,True,2019-10-09,false
AC1368,CU2477,True,2019-08-05,false
AC2249,CU1257,True,2019-08-29,false
AC0644,CU1430,True,2019-10-02,false
AC0174,CU0635,True,2019-10-20,false
AC0096,CU2397,True,2019-10-21,false
AC2207,CU2234,True,2019-10-22,false
AC0351,CU0979,True,2019-12-24,false
AC0003,CU0092,True,2020-01-13,false
AC0789,CU2222,True,2020-01-21,false
AC1051,CU1282,True,2020-01-20,false
AC1504,CU1551,True,2019-12-31,false
AC0024,CU1325,True,2020-02-18,false
AC0434,CU1776,True,2020-01-26,false
AC1704,CU1580,True,2020-01-25,false
AC0281,CU0611,True,2020-02-16,false
AC2205,CU1809,True,2020-02-18,false
AC1420,CU0937,True,2020-04-08,false
AC1126,CU0551,True,2020-06-22,false
AC1697,CU0255,True,2020-07-27,false
AC0617,CU0785,True,2020-07-02,false
AC1876,CU1103,True,2020-07-03,false
AC2042,CU1050,True,2020-07-10,false
AC2037,CU0077,True,2020-07-24,false
AC2247,CU1021,True,2020-07-08,false
AC1111,CU0252,True,2020-08-30,false
AC1361,CU1542,True,2020-08-01,false
AC1405,CU1620,True,2020-07-10,false
AC0035,CU2236,True,2020-09-04,false
AC1997,CU1489,True,2020-09-07,false
AC0634,CU0362,True,2020-09-24,false
AC1294,CU2452,True,2020-09-15,false
AC0423,CU2303,True,2020-09-26,false
AC1814,CU2039,True,2020-10-14,false
AC0099,CU0933,True,2020-10-24,false
AC1296,CU0240,True,2021-01-04,false
AC1968,CU0669,True,2021-01-03,false
AC1108,CU2575,True,2020-12-02,generic
AC0916,CU0125,True,2021-01-02,false
AC0189,CU1318,False,2021-02-06,generic
AC1482,CU0902,False,2020-11-28,false
AC1813,CU1663,True,2021-01-23,false
AC0557,CU1125,True,2020-12-30,false
AC1920,CU2146,True,2021-02-20,false
AC1178,CU0036,True,2021-02-25,false
AC2074,CU2258,True,2021-01-10,false
AC0653,CU0542,True,2021-04-01,false
AC0159,CU1123,True,2021-04-16,false
AC1907,CU0460,True,2021-03-21,false
AC0728,CU1618,True,2021-04-27,false
AC0001,CU0483,True,2021-05-12,generic
AC1977,CU0977,True,2021-04-28,false
AC0768,CU1984,False,2021-05-11,false
AC1890,CU2104,True,2021-05-10,false
AC2022,CU0142,True,2021-05-25,false
AC1530,CU2393,True,2021-07-15,false
AC0312,CU1478,True,2021-05-10,false
AC2245,CU2022,True,2021-05-27,false
AC0274,CU0616,True,2021-06-13,false
AC0069,CU1946,False,2021-07-01,false
AC0176,CU0433,True,2021-06-26,false
AC0171,CU0598,True,2021-07-11,false
AC1205,CU2369,True,2021-08-24,false
AC0764,CU1622,True,2021-08-06,false
AC0649,CU2448,True,2021-09-03,false
AC1303,CU2085,True,2021-10-12,false
AC1918,CU1122,True,2021-09-18,false
AC0956,CU0329,True,2021-10-03,false
AC1123,CU0759,True,2021-10-03,false
AC1694,CU1987,True,2021-09-08,false
AC1631,CU1664,True,2021-08-25,false
AC2434,CU1882,True,2021-09-13,false
AC1765,CU0081,True,2021-10-01,false
AC2264,CU1749,True,2021-11-17,false
AC0360,CU0068,True,2021-10-17,false
AC0892,CU1261,True,2021-10-23,false
AC1571,CU2506,False,2021-10-08,false
AC0246,CU1143,True,2021-12-23,false
AC2255,CU0532,True,2021-10-16,false
AC2506,CU2344,True,2021-12-25,false
AC2374,CU0101,False,2021-11-03,generic
AC0953,CU0040,True,2022-01-22,false
AC0748,CU0905,True,2021-12-19,false
AC0234,CU2311,True,2022-01-05,false
AC1535,CU2048,True,2022-02-10,false
AC0426,CU1441,True,2022-01-31,false
AC2117,CU0346,True,2022-02-09,false
AC1394,CU0106,True,2022-04-26,false
AC2275,CU0054,True,2022-02-25,false
AC1446,CU0648,True,2022-05-23,false
AC0591,CU1760,True,2022-05-14,false
AC0785,CU0890,True,2022-04-09,false
AC0798,CU1118,True,2022-04-24,false
AC0824,CU0148,True,2022-06-18,false
AC1016,CU0763,True,2022-06-11,false
AC1982,CU1399,True,2022-06-30,false
AC1309,CU0216,True,2022-06-07,false
AC1558,CU1070,True,2022-07-04,generic
AC2421,CU0074,True,2022-07-28,false
AC1153,CU1023,True,2022-09-09,false
AC2633,CU0695,True,2022-07-25,false
AC2270,CU2507,True,2022-09-01,false
AC2515,CU0415,False,2022-09-08,generic
AC2061,CU0652,True,2022-08-06,false
AC0329,CU1384,True,2022-08-28,false
AC2289,CU1471,True,2022-11-08,false
AC2210,CU1106,True,2022-11-17,false
AC0554,CU1233,True,2022-12-10,false
AC2307,CU0423,True,2023-01-18,false
AC0071,CU0498,True,2023-01-13,false
AC2129,CU2250,True,2023-03-16,false
AC1102,CU0203,True,2023-05-05,false
AC1928,CU2162,True,2023-04-15,false
AC2043,CU2420,True,2023-05-14,false
AC0292,CU0658,False,2023-06-22,generic
AC1802,CU1155,True,2023-05-05,false
AC1793,CU0936,True,2023-06-07,false
AC2278,CU2012,True,2023-07-05,false
AC0532,CU1595,True,2023-08-07,false
AC1804,CU2201,True,2023-07-16,false
AC0773,CU0640,True,2023-08-27,false
AC2417,CU0233,True,2023-11-08,false
AC0505,CU1455,True,2023-10-28,false
AC2373,CU1386,True,2023-11-11,false
AC0414,CU0788,True,2023-11-19,false
AC0643,CU2419,True,2023-09-12,false
AC1133,CU1817,True,2023-10-16,false
AC2491,CU0829,False,2023-11-02,false
AC0928,CU2535,True,2023-11-30,false
AC0198,CU1185,False,2024-02-07,false
AC0413,CU1875,True,2024-02-21,false
AC0983,CU1704,True,2024-03-23,false
AC0026,CU2376,True,2024-02-10,false
AC0328,CU0986,True,2024-03-01,false
AC0008,CU2095,True,2024-04-07,false
AC0628,CU1363,True,2024-05-28,false
AC0339,CU1055,True,2024-05-05,false
AC1639,CU2006,True,2024-04-23,generic
AC1736,CU0267,True,2024-04-13,false
AC1963,CU1751,True,2024-07-24,false
AC1603,CU0912,True,2024-08-19,false
AC0801,CU0776,True,2024-07-31,false
AC1456,CU0441,True,2024-08-20,false
AC2015,CU1487,False,2024-07-22,generic
AC2209,CU2327,True,2024-09-17,false
AC0209,CU0575,True,2024-09-06,false
AC0592,CU1365,True,2024-10-17,false
AC1217,CU2359,True,2024-12-06,false
AC1502,CU0728,True,2024-10-25,false
AC2413,CU1243,True,2024-11-25,false
AC2503,CU1503,True,2025-01-11,false
AC1889,CU1172,True,2025-01-31,false
AC2238,CU0043,True,2024-12-28,false
AC2028,CU1382,True,2024-12-31,false
AC2510,CU2089,True,2025-02-01,false
AC1167,CU0503,True,2025-02-19,false
AC0387,CU1303,True,2024-12-30,false
AC1521,CU0073,True,2025-02-02,false
AC2026,CU0128,True,2025-03-26,false
AC2024,CU1393,True,2025-03-02,false
AC1346,CU2606,True,2025-03-19,false
AC0104,CU1930,False,2025-04-02,false
AC2479,CU0664,True,2025-03-29,false
AC0860,CU2442,True,2017-12-06,false
AC0450,CU0649,True,2019-06-29,false
AC0394,CU0698,True,2016-11-20,false
AC2486,CU1403,True,2017-01-24,false
AC1979,CU0261,True,2018-01-22,generic
AC0260,CU1696,True,2018-02-11,false
AC1647,CU0651,True,2018-08-01,false
AC0590,CU0900,True,2019-02-02,false
AC2309,CU1194,True,2019-09-30,false
AC1719,CU1227,True,2020-11-26,false
AC1954,CU1788,True,2021-05-14,false
AC0741,CU0655,True,2021-08-22,false
AC2045,CU1870,True,2021-08-14,false
AC1466,CU0747,True,2021-09-07,false
AC2341,CU1096,True,2021-12-14,false
AC0421,CU1720,True,2022-02-04,false
AC2495,CU2590,True,2022-02-04,false
AC1661,CU2069,True,2022-06-11,false
AC1611,CU1723,True,2022-07-30,false
AC1540,CU2460,True,2022-05-23,false
AC1154,CU2542,True,2022-05-15,false
AC2228,CU1330,True,2022-06-12,false
AC2472,CU1340,True,2022-06-01,false
AC1268,CU2228,True,2022-05-15,false
AC0459,CU1634,True,2022-07-19,false
AC1186,CU0837,True,2022-07-18,false
AC0353,CU2030,True,2022-06-20,false
AC1434,CU1088,True,2022-07-21,false
AC0254,CU0561,True,2022-07-14,phishing
AC0206,CU1242,True,2022-05-17,false
AC0763,CU0716,True,2022-05-17,false
AC0651,CU0154,True,2022-05-22,false
AC1018,CU1045,True,2022-06-28,false
AC2415,CU2298,True,2022-05-21,false
AC0623,CU0323,True,2022-07-24,false
AC0215,CU0171,True,2022-05-21,false
AC0192,CU2184,True,2022-07-26,false
AC1998,CU1329,True,2022-06-20,false
AC1682,CU2333,True,2022-08-05,false
AC1863,CU0954,True,2022-06-23,false
AC2193,CU2231,True,2022-07-07,false
AC0083,CU1431,True,2022-05-29,false
AC1263,CU2409,True,2022-05-25,false
AC0373,CU0647,True,2022-07-01,false
AC1524,CU2044,True,2022-07-07,false
AC0593,CU1007,True,2022-07-17,false
AC2231,CU1934,True,2022-06-10,false
AC0991,CU0817,True,2022-05-18,phishing
AC1664,CU1339,True,2022-07-09,false
AC0439,CU0643,True,2022-06-29,false
AC1797,CU1049,True,2022-07-01,false
AC1550,CU0027,True,2022-05-30,false
AC2450,CU1527,True,2022-06-12,false
AC1855,CU2563,True,2022-06-26,false
AC2225,CU0328,True,2022-05-17,false
AC0900,CU1538,True,2022-06-12,false
AC1116,CU2517,False,2022-07-03,generic
AC0204,CU1874,True,2022-07-08,false
AC2021,CU2270,True,2022-07-26,false
AC0173,CU1056,True,2022-08-10,phishing
AC2049,CU2386,True,2022-05-23,false
AC0290,CU1680,True,2022-05-21,false
AC1461,CU0436,True,2022-07-03,false
AC0110,CU0285,True,2022-07-09,false
AC2368,CU2462,True,2022-07-04,false
AC1224,CU1151,True,2022-08-07,false
AC1113,CU1694,True,2022-06-16,false
AC0999,CU1625,True,2022-05-21,false
AC1189,CU0950,True,2022-07-14,false
AC0947,CU1076,True,2022-06-16,false
AC2146,CU1513,True,2022-05-31,false
AC0552,CU2213,True,2022-06-02,false
AC2217,CU0136,True,2022-07-11,false
AC2091,CU1510,True,2022-05-20,false
AC1514,CU0088,True,2022-05-22,false
AC2428,CU1250,True,2022-05-28,false
AC1305,CU2167,True,2022-06-11,false
AC2077,CU1927,True,2022-07-09,false
AC0451,CU1038,True,2022-06-02,false
AC0715,CU0445,True,2022-08-17,false
AC0989,CU2133,True,2022-06-19,false
AC0993,CU1952,True,2022-07-15,false
AC1033,CU0582,True,2022-08-06,false
AC2513,CU1807,True,2022-07-03,false
AC2115,CU1483,True,2022-06-10,false
AC2432,CU1120,True,2022-07-14,false
AC1173,CU1881,True,2022-07-19,false
AC0625,CU1654,True,2022-07-04,false
AC1615,CU2455,True,2022-08-02,false
AC0123,CU0418,True,2022-06-25,false
AC1252,CU1439,True,2022-07-26,false
AC0942,CU0018,True,2022-07-19,false
AC1225,CU1602,True,2022-05-27,false
AC1895,CU0214,True,2022-07-16,false
AC1687,CU1912,True,2022-08-24,false
AC0512,CU0176,True,2022-06-23,false
AC1161,CU0506,True,2022-08-12,false
AC1517,CU2330,True,2022-05-29,false
AC1419,CU2159,True,2022-06-24,false
AC2530,CU2559,True,2022-06-17,false
AC2394,CU2438,True,2022-08-18,false
AC1830,CU0396,True,2022-06-14,false
AC0221,CU0385,True,2022-06-02,false
AC0514,CU2185,True,2022-07-28,phishing
AC0520,CU0757,True,2022-07-25,false
AC1560,CU0894,True,2022-06-14,false
AC0584,CU2289,True,2022-06-04,false
AC1673,CU0770,True,2022-07-29,false
AC1373,CU1253,True,2022-06-02,false
AC0396,CU0898,True,2022-06-14,false
AC2355,CU0382,True,2022-06-19,false
AC0641,CU2526,True,2022-06-23,false
AC0870,CU1501,True,2022-08-12,phishing
AC0082,CU0278,True,2022-08-11,false
AC2466,CU0312,True,2022-07-03,false
AC2604,CU1388,True,2022-07-21,false
AC2224,CU0968,True,2022-06-08,phishing
AC1737,CU1104,True,2022-07-01,phishing
AC0907,CU1823,True,2022-08-11,false
AC2106,CU2001,True,2022-07-22,false
AC1354,CU0774,True,2022-08-10,false
AC0276,CU2196,True,2022-08-15,false
AC1909,CU0756,True,2022-08-19,false
AC2405,CU1873,True,2022-08-12,phishing
AC1906,CU1736,True,2022-08-28,false
AC2437,CU1108,True,2022-07-17,false
AC2048,CU1066,True,2022-07-21,false
AC0853,CU0198,True,2022-07-09,false
AC2504,CU1422,True,2022-07-01,false
AC1228,CU1862,True,2022-07-06,false
AC0172,CU0190,True,2022-07-25,false
AC0717,CU0948,True,2022-06-20,false
AC2378,CU1145,True,2022-08-03,false
AC0222,CU0432,True,2022-07-31,false
AC0428,CU0678,True,2022-07-14,false
AC2009,CU0634,True,2022-06-30,false
AC2078,CU1490,True,2022-08-09,false
AC0524,CU0200,True,2022-07-07,false
AC2237,CU0478,True,2022-08-10,false
AC0182,CU0818,True,2022-07-15,false
AC0732,CU1684,True,2022-07-02,false
AC0236,CU0797,True,2022-08-31,false
AC1467,CU0270,True,2022-08-26,false
AC1999,CU2625,True,2022-08-15,false
AC0227,CU2122,True,2022-07-17,false
AC1432,CU0345,True,2022-07-20,false
AC0208,CU0806,True,2022-07-07,false
AC0665,CU1311,True,2022-08-12,false
AC1861,CU0002,True,2022-07-05,generic
AC0501,CU0135,True,2022-08-10,false
AC2160,CU1517,True,2022-08-16,false
AC0385,CU0642,True,2022-06-23,false
AC0883,CU2125,True,2022-06-29,false
AC0126,CU0896,True,2022-07-10,false
AC1739,CU0875,True,2022-07-14,false
AC2260,CU2515,True,2022-08-10,false
AC2267,CU1576,True,2022-07-10,false
AC1235,CU1537,True,2022-09-03,false
AC1042,CU2463,True,2022-08-03,false
AC1171,CU2367,True,2022-06-30,false
AC0079,CU2230,True,2022-06-27,false
AC0266,CU2436,True,2022-09-08,false
AC1848,CU1972,True,2022-06-25,false
AC2483,CU1571,True,2022-09-04,false
AC2494,CU0540,True,2022-07-21,false
AC0749,CU1944,True,2022-09-17,false
AC1241,CU2519,True,2022-09-11,false
AC2595,CU1806,True,2022-09-05,false
AC0837,CU1506,True,2022-08-11,false
AC1244,CU1929,True,2022-08-20,false
AC2573,CU1054,True,2022-07-28,false
AC1798,CU0076,True,2022-07-11,false
AC1897,CU1920,True,2022-07-25,false
AC0427,CU1274,True,2022-07-11,false
AC0944,CU1996,True,2022-08-07,false
AC0015,CU1073,True,2022-08-14,false
AC1809,CU1827,True,2022-07-27,false
AC1151,CU2543,True,2022-07-15,false
AC1311,CU2278,True,2022-07-09,false
AC0807,CU2150,True,2022-09-10,false
AC0650,CU0632,True,2022-07-11,false
AC0034,CU1434,True,2022-08-22,false
AC0662,CU0292,True,2022-09-06,false
AC2599,CU2189,True,2022-09-30,false
AC1674,CU1555,True,2022-09-29,false
AC1815,CU0276,True,2022-09-17,false
AC0573,CU0471,True,2022-09-26,false
AC1011,CU0295,True,2022-09-30,false
AC2041,CU1566,True,2022-09-24,false
AC2425,CU2182,True,2022-07-15,false
AC2194,CU0467,True,2022-07-14,false
AC0721,CU0301,True,2022-09-15,false
AC1772,CU1140,True,2022-07-21,false
AC0442,CU2188,True,2022-07-10,false
AC1325,CU2256,True,2022-07-21,false
AC0615,CU0697,True,2022-09-16,false
AC1695,CU1474,True,2022-07-18,generic
AC0821,CU0344,True,2022-07-29,false
AC2222,CU0413,True,2022-09-18,false
AC2460,CU2412,True,2022-08-15,false
AC1059,CU1877,True,2022-09-14,false
AC1221,CU0408,True,2022-08-22,false
AC1965,CU0013,True,2022-07-19,false
AC2400,CU0339,True,2022-08-14,false
AC2104,CU2244,True,2022-08-27,false
AC2114,CU1567,True,2022-09-29,false
AC0478,CU1505,True,2022-09-28,false
AC2371,CU1535,True,2022-09-10,false
AC2290,CU2395,True,2022-08-23,false
AC0816,CU2061,True,2022-08-13,false
AC1415,CU0899,True,2022-08-22,phishing
AC0379,CU0401,True,2022-08-01,false
AC1430,CU2619,True,2022-08-29,false
AC1180,CU1062,True,2022-09-03,false
AC1834,CU2525,True,2022-09-02,false
AC1041,CU1747,True,2022-08-22,false
AC1418,CU1387,True,2022-09-08,false
AC2119,CU0107,True,2022-09-02,false
AC1816,CU0064,True,2022-08-01,false
AC0954,CU1848,True,2022-09-23,false
AC0703,CU0037,True,2022-09-02,false
AC1127,CU1829,True,2022-08-09,false
AC1606,CU0048,True,2022-09-23,false
AC0690,CU1742,True,2022-08-29,false
AC1293,CU1492,False,2022-09-19,generic
AC1933,CU0574,True,2022-08-05,false
AC1653,CU1757,True,2022-09-23,false
AC2603,CU2588,True,2022-09-19,false
AC1893,CU2489,True,2022-08-21,false
AC2157,CU1002,True,2022-10-30,false
AC2619,CU0371,True,2022-09-03,false
AC2380,CU0746,True,2022-09-05,false
AC2396,CU0653,True,2022-08-19,false
AC0638,CU0572,True,2022-09-22,false
AC0935,CU0123,True,2022-08-26,false
AC2050,CU2242,True,2022-09-17,false
AC0611,CU1703,True,2022-09-28,false
AC1917,CU1278,True,2022-08-21,false
AC0412,CU0071,True,2022-09-27,false
AC1733,CU1165,True,2022-10-10,false
AC1319,CU2108,True,2022-09-29,false
AC0061,CU2611,True,2022-10-23,false
AC0193,CU1248,True,2022-09-16,false
AC1177,CU0014,True,2022-09-29,false
AC2302,CU1411,True,2022-11-10,false
AC0324,CU0865,True,2022-10-01,false
AC0568,CU0066,True,2022-09-21,false
AC0162,CU2251,True,2022-10-15,false
AC0435,CU2432,True,2022-09-12,false
AC0646,CU0505,True,2022-09-23,false
AC0752,CU1175,True,2022-11-05,generic
AC1812,CU0146,True,2022-10-02,false
AC2099,CU2107,True,2022-09-04,false
AC0794,CU1320,True,2022-11-04,generic
AC0265,CU1766,True,2022-09-07,false
AC0810,CU1939,True,2022-09-29,false
AC1152,CU2066,True,2022-11-04,false
AC0543,CU2321,True,2022-10-08,false
AC1925,CU0269,True,2022-11-09,false
AC0416,CU2319,True,2022-10-18,false
AC0522,CU1226,True,2022-09-15,phishing
AC1621,CU1885,True,2022-09-24,false
AC0759,CU2482,True,2022-11-03,false
AC2500,CU0830,True,2022-10-29,false
AC2235,CU1389,True,2022-09-22,false
AC1723,CU1047,True,2022-09-30,false
AC1877,CU0745,True,2022-11-07,false
AC0383,CU2063,True,2022-12-03,false
AC0086,CU1892,True,2022-11-22,false
AC0664,CU1655,True,2022-10-23,false
AC2616,CU1519,True,2022-10-16,false
AC0579,CU0202,True,2022-11-17,false
AC1789,CU1306,True,2022-10-22,false
AC1483,CU2329,True,2022-11-16,false
AC1555,CU2624,True,2022-10-24,false
AC1569,CU1706,True,2022-12-12,false
AC2083,CU2377,True,2022-11-13,false
AC1202,CU0279,True,2022-12-05,false
AC1645,CU0586,True,2022-11-13,false
AC2131,CU2093,True,2022-11-12,false
AC1764,CU2605,True,2022-11-08,false
AC0567,CU2131,True,2023-01-04,false
AC1239,CU0501,True,2022-10-19,false
AC0242,CU1591,True,2022-11-27,false
AC1916,CU1379,True,2023-01-02,false
AC1166,CU1615,True,2022-11-06,false
AC0374,CU0147,True,2022-12-04,false
AC2422,CU0735,True,2022-11-29,false
AC1216,CU0709,True,2022-11-09,false
AC1259,CU0761,True,2022-12-03,false
AC0378,CU1199,True,2022-12-10,false
AC2584,CU0625,True,2022-11-13,false
AC2501,CU2115,True,2022-12-31,false
AC2628,CU2427,True,2022-11-18,false
AC1796,CU0973,True,2022-12-30,phishing
AC0566,CU1036,True,2022-12-25,false
AC0843,CU2363,True,2022-11-01,false
AC1262,CU2020,True,2022-12-07,false
AC2539,CU0633,True,2022-12-22,false
AC0545,CU1994,True,2022-11-22,false
AC1000,CU2288,True,2022-12-13,false
AC0966,CU2488,True,2022-11-21,false
AC1295,CU0930,True,2023-01-13,false
AC1406,CU0039,True,2022-12-17,false
AC0745,CU0654,True,2022-11-20,false
AC1533,CU1689,True,2022-12-19,false
AC2462,CU2443,True,2023-01-13,false
AC2576,CU0151,True,2023-01-02,false
AC0780,CU0910,True,2022-11-26,false
AC1525,CU1454,True,2022-12-31,false
AC0293,CU0883,True,2022-11-24,false
AC0279,CU1702,True,2022-11-24,false
AC0885,CU2318,True,2023-01-02,false
AC1495,CU0824,True,2022-12-27,false
AC2242,CU0363,True,2023-02-09,false
AC0314,CU2062,True,2022-12-21,false
AC1275,CU0810,True,2022-12-25,false
AC1433,CU0985,True,2022-11-29,false
AC2484,CU0707,True,2022-12-25,false
AC0456,CU0300,True,2023-01-15,false
AC2578,CU0844,True,2022-12-16,false
AC1522,CU2417,True,2022-12-06,false
AC2232,CU2529,True,2023-01-05,false
AC2135,CU0920,True,2022-12-07,false
AC0960,CU2194,True,2023-03-09,false
AC1545,CU0508,True,2023-01-21,false
AC1053,CU1368,True,2022-12-28,false
AC2296,CU1093,True,2023-01-08,false
AC0681,CU0795,True,2023-01-11,false
AC1086,CU0166,True,2023-02-12,false
AC1508,CU0971,True,2023-01-17,false
AC0335,CU0350,True,2023-01-30,false
AC0313,CU1316,True,2023-03-14,false
AC1844,CU2028,True,2023-02-05,false
AC0202,CU2079,True,2023-01-29,false
AC1875,CU0084,True,2023-03-23,false
AC1489,CU0790,True,2023-02-23,false
AC0923,CU2527,True,2023-03-11,false
AC1958,CU2591,False,2023-03-20,generic
AC1845,CU2129,True,2023-03-28,false
AC0968,CU2334,True,2023-01-22,false
AC0994,CU0352,True,2023-03-27,false
AC2313,CU1724,True,2023-04-18,false
AC2306,CU0871,True,2023-02-23,false
AC1678,CU1665,True,2023-01-31,false
AC0511,CU1895,True,2023-02-18,false
AC0716,CU0086,True,2023-04-12,false
AC0154,CU0993,True,2023-04-02,false
AC0155,CU0727,True,2023-03-01,false
AC0101,CU1556,True,2023-03-14,false
AC0029,CU0970,True,2023-04-08,false
AC1597,CU0080,True,2023-03-09,false
AC1416,CU0538,True,2023-04-04,false
AC0699,CU0163,True,2023-03-28,false
AC0115,CU2608,True,2023-03-10,false
AC2443,CU0726,True,2023-03-06,false
AC2070,CU0443,True,2023-03-11,false
AC1200,CU2570,True,2023-03-28,false
AC0338,CU2512,True,2023-04-03,false
AC0020,CU1332,True,2023-05-13,false
AC1744,CU1307,True,2023-05-23,false
AC0315,CU2014,True,2023-03-31,false
AC1690,CU0481,True,2023-05-25,false
AC1141,CU2524,True,2023-04-15,false
AC2334,CU2523,True,2023-05-16,false
AC0629,CU1604,True,2023-04-07,false
AC2488,CU0361,True,2023-05-08,false
AC1696,CU0181,True,2023-05-30,false
AC2281,CU0112,True,2023-06-04,false
AC1258,CU2497,True,2023-06-23,false
AC1158,CU0114,True,2023-06-19,false
AC1503,CU1344,True,2023-05-12,false
AC0348,CU1590,True,2023-07-02,false
AC0327,CU0748,True,2023-06-14,false
AC0973,CU0946,True,2023-05-29,false
AC2239,CU0903,True,2023-06-10,false
AC1672,CU1397,True,2023-04-27,false
AC1859,CU2169,True,2023-06-20,false
AC1231,CU2065,True,2023-07-02,false
AC0444,CU2246,True,2023-06-28,false
AC2631,CU0194,True,2023-05-16,false
AC1947,CU0560,True,2023-05-06,false
AC2419,CU1688,True,2023-06-13,false
AC1620,CU1966,True,2023-07-28,false
AC1751,CU1074,True,2023-06-14,false
AC0688,CU1856,True,2023-05-20,false
AC0992,CU1744,True,2023-07-16,false
AC0955,CU0732,True,2023-05-18,false
AC0766,CU0157,True,2023-07-26,false
AC2150,CU2361,True,2023-07-04,false
AC1068,CU1113,True,2023-06-30,false
AC2528,CU0628,True,2023-05-20,false
AC0713,CU1085,True,2023-06-01,false
AC2218,CU1891,False,2023-07-09,generic
AC1691,CU2408,True,2023-07-29,false
AC0730,CU1427,True,2023-07-01,false
AC0931,CU0911,True,2023-08-03,false
AC2215,CU2502,True,2023-07-02,false
AC0607,CU1561,True,2023-07-21,false
AC0884,CU1010,True,2023-06-16,false
AC0502,CU0888,True,2023-08-08,false
AC1867,CU0444,True,2023-07-19,false
AC0056,CU1828,True,2023-07-13,false
AC0743,CU2156,True,2023-08-11,false
AC1936,CU0882,True,2023-08-20,false
AC1196,CU2621,True,2023-08-08,false
AC1132,CU0536,True,2023-07-14,false
AC0661,CU1094,True,2023-07-06,false
AC1256,CU0895,True,2023-08-05,false
AC0111,CU0017,True,2023-09-03,false
AC1278,CU2111,True,2023-09-10,false
AC1164,CU1630,False,2023-07-28,false
AC1017,CU0604,True,2023-10-02,false
AC1649,CU1968,True,2023-08-13,false
AC2170,CU2609,True,2023-07-24,false
AC2629,CU1131,True,2023-07-30,false
AC0113,CU0921,True,2023-09-04,false
AC2058,CU0940,True,2023-07-31,false
AC0868,CU0848,True,2023-09-02,false
AC1782,CU0127,True,2023-09-21,false
AC1869,CU0960,True,2023-08-17,false
AC0925,CU0075,True,2023-09-09,false
AC1163,CU1331,True,2023-09-21,false
AC1044,CU0768,True,2023-08-13,false
AC0680,CU0676,True,2023-10-02,false
AC1322,CU1218,True,2023-08-30,false
AC0952,CU0516,True,2023-10-03,false
AC2473,CU0851,True,2023-10-22,false
AC0569,CU1764,True,2023-09-17,false
AC0472,CU0338,True,2023-10-27,false
AC1115,CU2015,True,2023-09-27,false
AC0778,CU2286,True,2023-11-15,false
AC1355,CU0857,True,2023-10-11,false
AC0806,CU1475,True,2023-10-14,false
AC1143,CU0862,True,2023-12-05,false
AC0775,CU0892,True,2023-11-13,false
AC1537,CU1416,True,2023-10-05,false
AC1473,CU2046,True,2023-10-29,false
AC2169,CU2356,True,2023-10-20,false
AC2103,CU2383,True,2023-12-17,false
AC1935,CU0738,True,2023-10-03,false
AC1759,CU2469,True,2023-11-24,false
AC1382,CU1635,True,2023-10-05,false
AC1095,CU1636,True,2023-11-04,false
AC1974,CU2214,True,2023-12-01,false
AC0048,CU1893,True,2023-10-15,false
AC1338,CU0057,True,2023-11-18,false
AC0395,CU2380,True,2023-12-29,false
AC1170,CU1662,True,2024-01-02,false
AC0363,CU0201,True,2023-12-19,false
AC1254,CU0897,True,2023-12-23,false
AC0599,CU2003,True,2024-01-14,false
AC0546,CU0579,True,2023-12-01,false
AC2279,CU1728,False,2023-12-16,generic
AC1826,CU0096,True,2023-12-08,false
AC1794,CU1516,True,2023-11-24,false
AC0786,CU2579,True,2023-12-25,false
AC1251,CU2331,True,2024-01-04,false
AC0538,CU1949,True,2023-12-16,false
AC2308,CU1980,True,2023-11-24,false
AC0145,CU0193,True,2024-02-15,false
AC2537,CU0704,False,2024-02-28,generic
AC0757,CU1169,True,2024-01-30,false
AC2318,CU1627,True,2024-01-21,false
AC0055,CU0958,True,2023-12-25,false
AC2016,CU0724,True,2024-02-16,false
AC1543,CU1255,True,2024-02-07,false
AC0464,CU0952,True,2024-01-12,false
AC1099,CU0636,True,2024-02-09,false
AC2005,CU0489,True,2024-03-12,false
AC2482,CU1346,True,2024-02-16,false
AC0808,CU2173,True,2024-03-23,false
AC0561,CU1846,True,2024-03-30,false
AC0671,CU1953,True,2024-02-04,false
AC2191,CU0769,True,2024-03-02,false
AC1573,CU0884,True,2024-02-21,generic
AC0685,CU2208,True,2024-03-03,false
AC1994,CU2584,True,2024-02-10,false
AC2280,CU2098,True,2024-03-19,false
AC2522,CU0580,True,2024-03-05,false
AC0289,CU0639,True,2024-03-26,false
AC1142,CU0682,True,2024-04-02,false
AC0267,CU2042,True,2024-02-25,false
AC2582,CU1669,True,2024-03-10,false
AC2594,CU0199,True,2024-03-15,false
AC2330,CU0959,True,2024-04-29,false
AC2465,CU0991,True,2024-04-18,false
AC0888,CU1905,True,2024-04-02,false
AC0621,CU0053,True,2024-03-15,false
AC1344,CU1266,True,2024-05-04,phishing
AC0914,CU0205,True,2024-03-28,false
AC1648,CU1906,True,2024-04-19,false
AC1766,CU1477,True,2024-05-06,false
AC0366,CU2586,True,2024-05-04,false
AC2625,CU1991,True,2024-05-27,false
AC0970,CU1958,True,2024-04-21,false
AC0602,CU1425,True,2024-06-04,false
AC1022,CU1362,True,2024-04-11,false
AC0977,CU0821,True,2024-05-03,false
AC1914,CU2342,True,2024-05-09,false
AC0852,CU2218,True,2024-06-12,false
AC2566,CU2556,True,2024-05-16,false
AC2532,CU2554,True,2024-06-09,false
AC2261,CU0699,True,2024-05-31,phishing
AC2276,CU0462,True,2024-06-03,false
AC2398,CU2540,False,2024-05-01,false
AC0799,CU1283,True,2024-05-16,false
AC1005,CU1406,True,2024-06-25,false
AC2577,CU0056,True,2024-07-28,false
AC1138,CU1059,True,2024-07-24,false
AC1279,CU2004,True,2024-06-07,false
AC1050,CU1082,True,2024-05-28,false
AC1544,CU2405,True,2024-07-30,false
AC2273,CU0410,True,2024-07-07,false
AC0052,CU1467,True,2024-07-11,false
AC2089,CU0268,True,2024-08-09,false
AC0706,CU1221,True,2024-07-28,false
AC1713,CU0588,True,2024-07-07,phishing
AC0508,CU0010,True,2024-07-19,false
AC0433,CU1950,True,2024-08-19,false
AC0878,CU0070,True,2024-08-17,false
AC1109,CU0078,True,2024-07-24,false
AC1223,CU1876,True,2024-08-28,false
AC1444,CU1709,True,2024-09-26,false
AC1260,CU0050,True,2024-07-29,false
AC0027,CU2224,True,2024-09-22,false
AC0922,CU0630,True,2024-07-21,false
AC2517,CU1671,False,2024-08-18,generic
AC1650,CU2592,True,2024-08-08,false
AC2142,CU0412,True,2024-09-01,false
AC1038,CU1646,True,2024-08-21,false
AC0822,CU1840,True,2024-08-19,false
AC1078,CU0526,True,2024-07-29,false
AC1397,CU0877,True,2024-09-18,false
AC1390,CU1956,True,2024-09-01,false
AC0930,CU2137,True,2024-09-09,false
AC0689,CU0243,True,2024-09-10,false
AC1261,CU0953,True,2024-09-17,false
AC1608,CU2152,True,2024-10-18,false
AC0777,CU2598,True,2024-08-21,false
AC2076,CU1617,True,2024-08-21,false
AC1079,CU1761,True,2024-09-22,false
AC1208,CU0459,True,2024-08-08,false
AC1334,CU2317,True,2024-10-13,false
AC0446,CU0336,True,2024-10-04,false
AC1199,CU0140,True,2024-10-21,false
AC0984,CU0089,True,2024-11-02,false
AC2526,CU0425,True,2024-08-17,false
AC2101,CU0706,True,2024-08-24,false
AC0656,CU1853,True,2024-09-28,false
AC1039,CU2616,True,2024-10-14,false
AC0727,CU0185,True,2024-10-04,false
AC2469,CU1682,True,2024-09-19,false
AC2446,CU1672,True,2024-10-08,false
AC1581,CU0868,True,2024-10-27,false
AC0447,CU2603,True,2024-09-03,false
AC0097,CU1810,True,2024-10-21,false
AC1556,CU1034,True,2024-10-18,false
AC1980,CU2170,True,2024-10-06,false
AC2340,CU1805,False,2024-11-23,phishing
AC2213,CU0452,True,2024-10-06,false
AC1940,CU2273,True,2024-12-10,false
AC1853,CU1162,True,2024-11-23,false
AC2605,CU1661,True,2025-01-16,false
AC0957,CU1973,True,2024-10-24,false
AC2123,CU0791,True,2024-10-25,false
AC2014,CU2550,True,2024-11-29,false
AC0019,CU0099,True,2024-12-02,false
AC1596,CU0866,True,2024-12-29,false
AC1287,CU2008,True,2024-12-28,false
AC1497,CU1911,True,2025-02-13,false
AC0630,CU0042,True,2024-12-31,false
AC2411,CU2254,True,2025-03-21,false
AC2156,CU2348,True,2025-02-17,false
AC0422,CU1866,True,2025-01-23,false
AC0549,CU2297,True,2025-04-07,false
AC0509,CU2338,False,2025-02-17,false
AC1007,CU0477,True,2025-03-12,false
AC1654,CU0956,True,2025-03-17,false
AC0684,CU0472,True,2025-02-05,false
AC1722,CU1234,True,2025-03-29,false
AC1857,CU0390,True,2025-04-04,false
AC2376,CU2253,True,2025-04-09,false
AC1410,CU2424,True,2025-04-03,false
AC2612,CU1982,True,2016-01-22,generic
AC0073,CU0144,True,2016-04-17,false
AC0060,CU0705,True,2016-04-24,false
AC2471,CU1016,True,2016-12-26,false
AC0470,CU1279,True,2018-02-15,false
AC1858,CU1676,True,2019-07-12,false
AC1817,CU1565,True,2021-01-25,false
AC1392,CU2239,True,2022-11-04,false
AC0866,CU0624,True,2023-07-12,false
AC2328,CU1553,True,2024-08-04,false
AC2092,CU1932,True,2016-06-22,false
AC1367,CU1203,True,2018-02-12,false
AC1904,CU1206,True,2019-06-14,false
AC2320,CU0364,True,2019-07-05,false
AC1786,CU1869,True,2019-09-07,false
AC0011,CU1918,True,2020-12-29,false
AC0577,CU1090,True,2024-10-08,false
AC1172,CU2320,True,2017-04-16,false
AC2388,CU0129,True,2017-07-12,false
AC0025,CU0188,True,2018-11-30,false
AC1854,CU1400,True,2019-03-11,false
AC0059,CU0913,True,2019-12-24,false
AC2011,CU2446,True,2020-02-13,false
AC2427,CU0976,False,2020-04-05,false
AC0755,CU2112,True,2023-01-17,false
AC1255,CU1569,True,2023-03-18,false
AC0503,CU0779,True,2024-12-23,false
AC2257,CU2582,True,2021-07-21,false
AC1134,CU2514,True,2023-09-26,false
AC0081,CU1699,False,2017-07-26,false
AC0864,CU2172,True,2024-07-28,false
AC1351,CU1666,True,2024-06-17,false
AC2611,CU1623,True,2023-01-24,false
AC1002,CU0593,True,2019-03-15,false
AC1587,CU1746,True,2022-11-13,false
AC0119,CU2191,True,2023-02-12,false
AC2244,CU1458,True,2024-01-22,false
AC2402,CU1189,True,2024-06-13,false
AC2039,CU2528,True,2024-02-15,false
AC1337,CU2541,True,2016-08-03,false
AC1622,CU1433,True,2024-01-12,false
AC1685,CU2366,True,2019-12-24,false
AC2134,CU0397,True,2021-02-21,false
AC0124,CU0749,True,2021-07-21,generic
AC1211,CU0343,True,2024-01-30,false
AC1510,CU0606,True,2024-08-05,false
AC1272,CU1270,True,2021-04-22,false
AC2044,CU1504,True,2025-03-06,false
